Event,N_Per_Group,Mean_Before,Mean_After,MW_P_Value,Cliffs_Delta
WHO_Pandemic,400,-0.1787695835530758,-0.03835805922746658,0.014322330104320151,0.09606875
Fed_Unlimited_QE,400,-0.3448766792565584,0.046478179767727855,4.932854169833999e-13,0.2863125
